date,total_daily_fees_btc
2009-01-17,0.0
2009-01-21,0.0
2009-01-25,0.0
2009-01-29,0.0
2009-02-02,0.0
2009-02-06,0.0
2009-02-10,0.0
2009-02-14,0.0
2009-02-18,0.0
2009-02-22,0.0
2009-02-26,0.0
2009-03-02,0.0
2009-03-06,0.0
2009-03-10,0.0
2009-03-14,0.0
2009-03-18,0.0
2009-03-22,0.0
2009-03-26,0.0
2009-03-30,0.0
2009-04-03,0.0
2009-04-07,0.0
2009-04-11,0.0
2009-04-15,0.0
2009-04-19,0.0
2009-04-23,0.0
2009-04-27,0.0
2009-05-01,0.0
2009-05-05,0.0
2009-05-09,0.0
2009-05-13,0.0
2009-05-17,0.0
2009-05-21,0.0
2009-05-25,0.0
2009-05-29,0.0
2009-06-02,0.0
2009-06-06,0.0
2009-06-10,0.0
2009-06-14,0.0
2009-06-18,0.0
2009-06-22,0.0
2009-06-26,0.0
2009-06-30,0.0
2009-07-04,0.0
2009-07-08,0.0
2009-07-12,0.0
2009-07-16,0.0
2009-07-20,0.14
2009-07-24,0.0
2009-07-28,0.0
2009-08-01,0.0
2009-08-05,0.0
2009-08-09,0.0
2009-08-13,0.0
2009-08-17,0.0
2009-08-21,0.0
2009-08-25,0.0
2009-08-29,0.0
2009-09-02,0.0
2009-09-06,0.0
2009-09-10,0.0
2009-09-14,0.0
2009-09-18,0.0
2009-09-22,0.0
2009-09-26,0.0
2009-09-30,0.0
2009-10-04,0.0
2009-10-08,0.0
2009-10-12,0.0
2009-10-16,0.0
2009-10-20,0.12
2009-10-24,0.0
2009-10-28,0.0
2009-11-01,0.0
2009-11-05,0.0
2009-11-09,0.0
2009-11-13,0.0
2009-11-17,0.0
2009-11-21,0.0
2009-11-25,0.0
2009-11-29,0.0
2009-12-03,0.0
2009-12-07,0.0
2009-12-11,0.0
2009-12-15,0.0
2009-12-19,0.0
2009-12-23,0.0
2009-12-27,0.0
2009-12-31,0.0
2010-01-04,0.0
2010-01-08,0.0
2010-01-12,0.26
2010-01-16,0.0
2010-01-20,0.0
2010-01-24,0.0
2010-01-28,0.0
2010-02-01,0.0
2010-02-05,0.0
2010-02-09,0.44
2010-02-13,0.0
2010-02-17,0.0
2010-02-21,0.0
2010-02-25,0.0
2010-03-01,0.0
2010-03-05,0.0
2010-03-09,0.0
2010-03-13,0.0
2010-03-17,0.0
2010-03-21,0.0
2010-03-25,0.0
2010-03-29,0.0
2010-04-02,0.0
2010-04-06,0.0
2010-04-10,0.0
2010-04-14,0.0
2010-04-18,0.0
2010-04-22,0.0
2010-04-26,0.0
2010-04-30,0.0
2010-05-04,0.0
2010-05-08,0.0
2010-05-12,0.0
2010-05-16,0.0
2010-05-20,0.0
2010-05-24,0.0
2010-05-28,0.0
2010-06-01,0.0
2010-06-05,0.0
2010-06-09,0.0
2010-06-13,0.0
2010-06-17,0.0
2010-06-21,0.0
2010-06-25,0.0
2010-06-29,0.0
2010-07-03,0.0
2010-07-07,0.0
2010-07-11,0.0
2010-07-15,0.66
2010-07-19,0.09
2010-07-23,0.01
2010-07-27,0.67
2010-07-31,0.3
2010-08-04,0.0
2010-08-08,0.0
2010-08-12,0.0
2010-08-16,0.67
2010-08-20,0.0
2010-08-24,0.8
2010-08-28,1.1e-06
2010-09-01,0.0800002
2010-09-05,0.01
2010-09-09,0.1100001
2010-09-13,1e-07
2010-09-17,0.0
2010-09-21,1e-07
2010-09-25,0.0
2010-09-29,0.0
2010-10-03,0.00776625
2010-10-07,0.0
2010-10-11,1.09e-06
2010-10-15,0.0
2010-10-19,0.0
2010-10-23,0.05
2010-10-27,0.0
2010-10-31,0.0
2010-11-04,0.0
2010-11-08,0.83
2010-11-12,0.0
2010-11-16,0.0
2010-11-20,1.0
2010-11-24,0.19
2010-11-28,0.0
2010-12-02,0.06
2010-12-06,0.04518713
2010-12-10,0.07
2010-12-14,0.04892339
2010-12-18,0.06653564
2010-12-22,0.17743052
2010-12-26,0.09564519
2010-12-30,0.09238552
2011-01-03,0.72825402
2011-01-07,0.05352512
2011-01-11,0.04152517
2011-01-15,0.10493887
2011-01-19,0.05
2011-01-23,0.35905919
2011-01-27,0.59
2011-01-31,0.76
2011-02-04,0.12359852
2011-02-08,0.17736992
2011-02-12,0.74186934
2011-02-16,0.59
2011-02-20,0.2
2011-02-24,0.16769472
2011-02-28,0.51785377
2011-03-04,0.7207
2011-03-08,3.93000002
2011-03-12,1.54693618
2011-03-16,1.81
2011-03-20,2.4870787
2011-03-24,8.27023194
2011-03-28,4.41
2011-04-01,3.4
2011-04-05,5.27079999999999
2011-04-09,4.21
2011-04-13,4.06059999
2011-04-17,2.1625
2011-04-21,3.3737338
2011-04-25,8.71326591999999
2011-04-29,7.42157688999999
2011-05-03,4.81618089
2011-05-07,6.65502295999999
2011-05-11,7.99288501999999
2011-05-15,14.89642967
2011-05-19,16.22203741
2011-05-23,17.89042548
2011-05-27,13.83792316
2011-05-31,19.95330875
2011-06-04,32.17970115
2011-06-08,44.39330716
2011-06-12,44.3103694
2011-06-16,31.88585283
2011-06-20,20.2764328
2011-06-24,16.40096242
2011-06-28,19.84870564
2011-07-02,14.73519868
2011-07-06,17.00709649
2011-07-10,12.51029136
2011-07-14,13.39252803
2011-07-18,12.93738114
2011-07-22,13.54095816
2011-07-26,7.83379576999999
2011-07-30,5.71270055
2011-08-03,8.19534382
2011-08-07,6.53899155
2011-08-11,7.11131223
2011-08-15,9.74393646
2011-08-19,7.7670445
2011-08-23,6.96478529
2011-08-27,5.02820664
2011-08-31,5.91458926
2011-09-04,9.87229329
2011-09-08,4.66847138
2011-09-12,5.37417472
2011-09-16,4.96831626
2011-09-20,6.56952256
2011-09-24,6.71538477
2011-09-28,4.379026
2011-10-02,3.17980555
2011-10-06,8.08896045
2011-10-10,3.34552432
2011-10-14,3.40803011
2011-10-18,2.90288072
2011-10-22,2.81398947
2011-10-26,3.08756534
2011-10-30,3.19754829
2011-11-03,2.90902778
2011-11-07,3.48022274
2011-11-11,2.03989012
2011-11-15,2.88289742
2011-11-19,3.1302203
2011-11-23,3.51238566
2011-11-27,2.55055237
2011-12-01,4.48500523
2011-12-05,3.00216604
2011-12-09,3.0104452
2011-12-13,4.05414175
2011-12-17,3.52004317
2011-12-21,4.26075206
2011-12-25,2.92534449
2011-12-29,4.15995739
2012-01-02,5.55312158
2012-01-06,6.48923847
2012-01-10,4.89613037
2012-01-14,12.78590354
2012-01-18,10.84433779
2012-01-22,3.03810531
2012-01-26,8.95157979
2012-01-30,29.11896874
2012-02-03,6.90589652
2012-02-07,6.64074854
2012-02-11,3.91143183
2012-02-15,6.10036407
2012-02-19,2.65186887
2012-02-23,5.00951708
2012-02-27,5.66176552
2012-03-02,4.50574566
2012-03-06,4.84595258
2012-03-10,4.38179608
2012-03-14,5.17901821
2012-03-18,3.22801017
2012-03-22,3.38385442
2012-03-26,3.47762179
2012-03-30,4.39585095
2012-04-03,5.07741879
2012-04-07,3.7089169
2012-04-11,5.24550745
2012-04-15,3.69750206
2012-04-19,5.84943097
2012-04-23,4.2807022
2012-04-27,6.88570856
2012-05-01,6.73048886
2012-05-05,7.87065714
2012-05-09,14.13032343
2012-05-13,11.80632246
2012-05-17,11.71657133
2012-05-21,19.56744229
2012-05-25,19.27748871
2012-05-29,16.97474696
2012-06-02,7.13557653
2012-06-06,11.27363476
2012-06-10,25.33678545
2012-06-14,38.72082266
2012-06-18,27.88555011
2012-06-22,20.70231783
2012-06-26,18.27898114
2012-06-30,13.94161293
2012-07-04,13.28572083
2012-07-08,11.50252767
2012-07-12,13.53006867
2012-07-16,21.28658376
2012-07-20,37.47018662
2012-07-24,15.98700134
2012-07-28,20.56362157
2012-08-01,20.02226151
2012-08-05,25.67591134
2012-08-09,17.38277224
2012-08-13,25.55351796
2012-08-17,30.86566635
2012-08-21,24.56426695
2012-08-25,23.9103034
2012-08-29,24.15507933
2012-09-02,30.5544115
2012-09-06,25.55427416
2012-09-10,24.05863046
2012-09-14,20.22012586
2012-09-18,22.40126053
2012-09-22,15.23518456
2012-09-26,19.55185895
2012-09-30,11.45608154
2012-10-04,131.01704826
2012-10-08,27.24366665
2012-10-12,20.45036309
2012-10-16,25.01043862
2012-10-20,18.11057193
2012-10-24,21.30409168
2012-10-28,12.70849238
2012-11-01,20.21981119
2012-11-05,25.76403178
2012-11-09,19.40181595
2012-11-13,20.53599413
2012-11-17,25.60602784
2012-11-21,30.78838241
2012-11-25,29.5141209
2012-11-29,29.66282715
2012-12-03,18.28932863
2012-12-07,24.33169284
2012-12-11,31.49639467
2012-12-15,24.34047049
2012-12-19,34.9971247
2012-12-23,31.44947995
2012-12-27,36.93617681
2012-12-31,24.42158122
2013-01-04,38.50311321
2013-01-08,32.40727682
2013-01-12,36.66480767
2013-01-16,41.22235845
2013-01-20,32.98917964
2013-01-24,44.02332598
2013-01-28,43.14662379
2013-02-01,52.28602156
2013-02-05,42.3586766
2013-02-09,45.1432612
2013-02-13,56.12658455
2013-02-17,46.81710946
2013-02-21,51.49190623
2013-02-25,66.62844799
2013-03-01,68.01127271
2013-03-05,51.38976576
2013-03-09,52.11584112
2013-03-13,52.6969283
2013-03-17,31.69724524
2013-03-21,50.61033936
2013-03-25,44.37006807
2013-03-29,60.72037681
2013-04-02,61.20119573
2013-04-06,38.85304125
2013-04-10,64.66733147
2013-04-14,53.37811427
2013-04-18,42.53670086
2013-04-22,46.46535059
2013-04-26,40.59900011
2013-04-30,45.74865143
2013-05-04,45.93572788
2013-05-08,52.00264132
2013-05-12,56.57452505
2013-05-16,77.36863781
2013-05-20,43.45547937
2013-05-24,48.33183927
2013-05-28,54.78926938
2013-06-01,41.25064975
2013-06-05,60.12802918
2013-06-09,36.04930663
2013-06-13,40.8787914
2013-06-17,36.85317147
2013-06-21,42.99107458
2013-06-25,33.79573922
2013-06-29,24.38738042
2013-07-03,28.17488168
2013-07-07,18.42094257
2013-07-11,35.32010629
2013-07-15,22.33268606
2013-07-19,21.11963162
2013-07-23,21.44867879
2013-07-27,32.60189106
2013-07-31,49.24699101
2013-08-04,31.50890033
2013-08-08,49.11009386
2013-08-12,25.37058276
2013-08-16,46.94701273
2013-08-20,34.17570561
2013-08-24,27.73017547
2013-08-28,260.83498262
2013-09-01,24.95132746
2013-09-05,32.62242832
2013-09-09,30.53100606
2013-09-13,20.96323621
2013-09-17,302.75425378
2013-09-21,26.75531601
2013-09-25,31.06396518
2013-09-29,25.84549691
2013-10-03,36.60294587
2013-10-07,32.57715142
2013-10-11,22.76995908
2013-10-15,38.64309771
2013-10-19,36.26226694
2013-10-23,45.77781754
2013-10-27,57.75029853
2013-10-31,29.97871915
2013-11-04,51.82985587
2013-11-08,106.82017227
2013-11-12,22.51123231
2013-11-16,14.2659898
2013-11-20,25.27945207
2013-11-24,17.53595197
2013-11-28,30.73997164
2013-12-02,21.13751064
2013-12-06,19.20163235
2013-12-10,17.50092456
2013-12-14,12.40576423
2013-12-18,18.64447134
2013-12-22,11.46529505
2013-12-26,13.36262326
2013-12-30,11.74180891
2014-01-03,13.81938881
2014-01-07,15.53038267
2014-01-11,12.25450903
2014-01-15,16.85023545
2014-01-19,11.42147877
2014-01-23,16.79639116
2014-01-27,13.45771067
2014-01-31,14.37916749
2014-02-04,14.22240734
2014-02-08,12.26699028
2014-02-12,16.0368654
2014-02-16,11.32317875
2014-02-20,14.81614558
2014-02-24,15.21980169
2014-02-28,16.40787615
2014-03-04,17.38424603
2014-03-08,11.62425694
2014-03-12,16.51719963
2014-03-16,12.38310041
2014-03-20,13.7341206
2014-03-24,12.99764579
2014-03-28,12.32486726
2014-04-01,12.31562078
2014-04-05,11.16666447
2014-04-09,20.25920875
2014-04-13,10.29986168
2014-04-17,14.99553797
2014-04-21,12.47640246
2014-04-25,13.64442103
2014-04-29,12.61418574
2014-05-03,10.28949159
2014-05-07,13.54172333
2014-05-11,9.70016918
2014-05-15,12.8013398
2014-05-19,11.40509824
2014-05-23,12.72896008
2014-05-27,12.14135874
2014-05-31,9.64770833
2014-06-04,12.01095921
2014-06-08,8.84632234
2014-06-12,12.93722403
2014-06-16,11.98941586
2014-06-20,10.71588434
2014-06-24,11.06251476
2014-06-28,9.26408687
2014-07-02,12.74840425
2014-07-06,9.22847962
2014-07-10,11.18585911
2014-07-14,11.75980369
2014-07-18,11.9486888
2014-07-22,11.71344544
2014-07-26,8.73951865
2014-07-30,11.03235411
2014-08-03,8.55001533
2014-08-07,10.97700977
2014-08-11,12.25468145
2014-08-15,12.03876959
2014-08-19,12.80157171
2014-08-23,8.62310977999999
2014-08-27,11.5415257
2014-08-31,8.8939901
2014-09-04,11.19739332
2014-09-08,12.20418844
2014-09-12,10.70477886
2014-09-16,14.35162373
2014-09-20,10.26633681
2014-09-24,12.35686671
2014-09-28,10.79213151
2014-10-02,11.24530798
2014-10-06,12.61174465
2014-10-10,13.00507017
2014-10-14,13.26556263
2014-10-18,10.35069092
2014-10-22,12.67184925
2014-10-26,11.22128422
2014-10-30,13.86147032
2014-11-03,16.58571291
2014-11-07,13.57256903
2014-11-11,13.37416163
2014-11-15,11.20153289
2014-11-19,13.16045397
2014-11-23,11.9135696
2014-11-27,11.99225619
2014-12-01,13.9126614
2014-12-05,12.38234866
2014-12-09,12.59212127
2014-12-13,10.37249204
2014-12-17,15.18390144
2014-12-21,11.33607592
2014-12-25,9.31387778
2014-12-29,14.4376344
2015-01-02,11.82270129
2015-01-06,12.84608123
2015-01-10,15.25846972
2015-01-14,15.22479663
2015-01-18,13.877202
2015-01-22,13.40410002
2015-01-26,16.01810841
2015-01-30,11.21422969
2015-02-03,13.07488376
2015-02-07,11.76433401
2015-02-11,14.40657851
2015-02-15,13.82078432
2015-02-19,13.58169837
2015-02-23,14.52475248
2015-02-27,14.39065266
2015-03-03,15.6440078
2015-03-07,13.06858102
2015-03-11,15.32225806
2015-03-15,11.9740388
2015-03-19,16.48516776
2015-03-23,17.57202944
2015-03-27,13.97818158
2015-03-31,16.30322108
2015-04-04,13.74643295
2015-04-08,16.1527751
2015-04-12,14.10159871
2015-04-16,14.03218749
2015-04-20,17.01682374
2015-04-24,15.60361285
2015-04-28,16.15746744
2015-05-02,13.99169181
2015-05-06,15.78427708
2015-05-10,15.5854514
2015-05-14,14.06091765
2015-05-18,14.84130953
2015-05-22,15.33794565
2015-05-26,18.04951479
2015-05-30,17.0420672
2015-06-03,18.03214868
2015-06-07,12.96274061
2015-06-11,17.44264663
2015-06-15,19.87304204
2015-06-19,27.30544421
2015-06-23,18.74452789
2015-06-27,16.74241236
2015-07-01,21.27628595
2015-07-05,20.94808987
2015-07-09,40.17988719
2015-07-13,32.26811751
2015-07-17,24.04523437
2015-07-21,25.67332781
2015-07-25,20.24099182
2015-07-29,39.00263677
2015-08-02,20.81821964
2015-08-06,37.05030425
2015-08-10,28.5686514
2015-08-14,24.26238231
2015-08-18,25.60465587
2015-08-22,22.39789595
2015-08-26,25.15845138
2015-08-30,19.51472621
2015-09-03,27.97427509
2015-09-07,29.70364898
2015-09-11,38.07931771
2015-09-15,28.87989851
2015-09-19,21.74704429
2015-09-23,25.52187592
2015-09-27,21.98745167
2015-10-01,28.82708269
2015-10-05,23.34896688
2015-10-09,23.10188544
2015-10-13,24.94470798
2015-10-17,27.00692963
2015-10-21,28.40338671
2015-10-25,24.82972719
2015-10-29,33.96205933
2015-11-02,33.2823864
2015-11-06,32.32119456
2015-11-10,29.20202127
2015-11-14,24.47520325
2015-11-18,27.37508755
2015-11-22,23.30401546
2015-11-26,27.95046286
2015-11-30,34.29084643
2015-12-04,28.66553139
2015-12-08,32.78755044
2015-12-12,36.96162758
2015-12-16,37.38604758
2015-12-20,33.53649378
2015-12-24,36.33612595
2015-12-28,31.14441685
2016-01-01,19.82080598
2016-01-05,32.27846687
2016-01-09,30.22393822
2016-01-13,34.27954249
2016-01-17,36.326795
2016-01-21,50.3603795
2016-01-25,45.9839664
2016-01-29,46.98023086
2016-02-02,58.64427461
2016-02-06,40.20959148
2016-02-10,45.10160409
2016-02-14,35.15265778
2016-02-18,43.33919321
2016-02-22,45.80619995
2016-02-26,42.35918186
2016-03-01,60.06599979
2016-03-05,62.07709524
2016-03-09,54.68048263
2016-03-13,35.80250793
2016-03-17,46.32816082
2016-03-21,41.13390235
2016-03-25,32.7033762
2016-03-29,57.79052183
2016-04-02,49.66375403
2016-04-06,58.44875393
2016-04-10,33.25339902
2016-04-14,44.86496577
2016-04-18,47.33042977
2016-04-22,42.68874359
2016-04-26,337.75639818
2016-04-30,40.87923127
2016-05-04,47.17178574
2016-05-08,34.73771327
2016-05-12,46.75238994
2016-05-16,60.51568467
2016-05-20,51.58622819
2016-05-24,59.53134626
2016-05-28,52.34180926
2016-06-01,56.18497783
2016-06-05,44.16827831
2016-06-09,53.21550949
2016-06-13,63.87453511
2016-06-17,78.90209509
2016-06-21,76.28917579
2016-06-25,60.99766676
2016-06-29,61.68595835
2016-07-03,45.47185343
2016-07-07,56.50728572
2016-07-11,57.33521701
2016-07-15,55.22548963
2016-07-19,61.86165427
2016-07-23,60.03161359
2016-07-27,74.91411699
2016-07-31,72.5596168
2016-08-04,69.53744777
2016-08-08,86.44357031
2016-08-12,70.76200713
2016-08-16,83.09112751
2016-08-20,61.21304534
2016-08-24,64.62449049
2016-08-28,48.91366874
2016-09-01,63.48703333
2016-09-05,63.04984857
2016-09-09,63.36822147
2016-09-13,68.05656902
2016-09-17,57.63998368
2016-09-21,64.96509855
2016-09-25,49.59149659
2016-09-29,68.53955587
2016-10-03,74.26828206
2016-10-07,72.05178137
2016-10-11,80.75501147
2016-10-15,62.6006372
2016-10-19,62.38149631
2016-10-23,67.49823388
2016-10-27,111.04197547
2016-10-31,76.30761672
2016-11-04,84.33985522
2016-11-08,89.2553591699999
2016-11-12,65.89536127
2016-11-16,79.46533169
2016-11-20,72.95353104
2016-11-24,135.86177837
2016-11-28,109.57588157
2016-12-02,120.59021932
2016-12-06,119.47737538
2016-12-10,86.84229837
2016-12-14,94.82014754
2016-12-18,80.81959375
2016-12-22,106.17675284
2016-12-26,87.97239373
2016-12-30,100.318724
2017-01-03,117.50869676
2017-01-07,106.3384173
2017-01-11,111.82087465
2017-01-15,82.2243205899999
2017-01-19,112.3957332
2017-01-23,109.01172711
2017-01-27,114.04371837
2017-01-31,145.66158893
2017-02-04,138.64644801
2017-02-08,157.14493504
2017-02-12,102.51055926
2017-02-16,169.87720101
2017-02-20,159.91401438
2017-02-24,226.7099144
2017-02-28,227.3714723
2017-03-04,220.29548015
2017-03-08,233.7307623
2017-03-12,190.62879952
2017-03-16,264.55158129
2017-03-20,241.15787713
2017-03-24,231.55050182
2017-03-28,233.22176362
2017-04-01,190.64263242
2017-04-05,236.29861443
2017-04-09,168.05979031
2017-04-13,216.66765492
2017-04-17,180.72834518
2017-04-21,244.38907052
2017-04-25,271.62738431
2017-04-29,256.37648122
2017-05-03,247.34367708
2017-05-07,277.03575031
2017-05-11,279.58022914
2017-05-15,327.30377033
2017-05-19,442.811934
2017-05-23,468.38356854
2017-05-27,528.8278222
2017-05-31,570.4198544
2017-06-04,441.99355556
2017-06-08,490.9904414
2017-06-12,409.8643713
2017-06-16,375.35139576
2017-06-20,388.08537505
2017-06-24,307.20884336
2017-06-28,385.86002411
2017-07-02,197.85958294
2017-07-06,241.52060511
2017-07-10,205.57250621
2017-07-14,215.37764419
2017-07-18,224.51846967
2017-07-22,171.03691992
2017-07-26,167.53481996
2017-07-30,138.11682207
2017-08-03,124.10595421
2017-08-07,121.82649183
2017-08-11,234.94470226
2017-08-15,350.45038263
2017-08-19,265.91179874
2017-08-23,541.97068152
2017-08-27,358.8427277
2017-08-31,413.21489691
2017-09-04,325.4016802
2017-09-08,217.76572461
2017-09-12,148.9079562
2017-09-16,119.91780546
2017-09-20,146.40700953
2017-09-24,83.67519444
2017-09-28,134.45160224
2017-10-02,180.47323995
2017-10-06,149.02120217
2017-10-10,167.2582099
2017-10-14,227.59563891
2017-10-18,192.2026716
2017-10-22,155.33193023
2017-10-26,112.65051758
2017-10-30,263.59097424
2017-11-03,271.77385265
2017-11-07,294.12731396
2017-11-11,323.8993876
2017-11-15,603.50996198
2017-11-19,247.44354414
2017-11-23,265.91956914
2017-11-27,236.5030831
2017-12-01,247.0519056
2017-12-05,219.679754
2017-12-09,567.08842445
2017-12-13,604.2979452
2017-12-17,535.43867532
2017-12-21,1128.76167038
2017-12-25,689.39441204
2017-12-29,785.79504963
2018-01-02,649.16497626
2018-01-06,694.47790564
2018-01-10,720.32570087
2018-01-14,491.32446483
2018-01-18,656.89753535
2018-01-22,314.61253947
2018-01-26,209.13221596
2018-01-30,160.30090386
2018-02-03,146.92776937
2018-02-07,123.52109098
2018-02-11,61.96458348
2018-02-15,64.08005499
2018-02-19,50.9081119
2018-02-23,73.94810594
2018-02-27,50.54578675
2018-03-03,37.96379904
2018-03-07,34.8377064
2018-03-11,39.61038377
2018-03-15,36.64624829
2018-03-19,30.78064883
2018-03-23,26.25767336
2018-03-27,27.51028124
2018-03-31,20.07447617
2018-04-04,24.81899369
2018-04-08,21.01734283
2018-04-12,35.70920887
2018-04-16,25.73063079
2018-04-20,29.02296386
2018-04-24,65.4108642
2018-04-28,41.9470722
2018-05-02,38.88684015
2018-05-06,31.28195837
2018-05-10,26.71177891
2018-05-14,35.25774075
2018-05-18,70.13995212
2018-05-22,26.52413321
2018-05-26,22.51408114
2018-05-30,22.66213792
2018-06-03,15.3074038
2018-06-07,20.6699365
2018-06-11,24.67101897
2018-06-15,23.19453295
2018-06-19,83.80865389
2018-06-23,31.93798474
2018-06-27,32.15886049
2018-07-01,16.7928896
2018-07-05,19.76600519
2018-07-09,19.92606527
2018-07-13,19.53514153
2018-07-17,24.94209666
2018-07-21,17.37819099
2018-07-25,26.82417337
2018-07-29,15.67077716
2018-08-02,25.20903778
2018-08-06,17.7504862
2018-08-10,20.41451761
2018-08-14,26.45582537
2018-08-18,16.45331646
2018-08-22,24.27418043
2018-08-26,27.80300602
2018-08-30,24.10101603
2018-09-03,19.91598267
2018-09-07,27.92194982
2018-09-11,23.27470384
2018-09-15,15.69995673
2018-09-19,17.09335521
2018-09-23,14.47737832
2018-09-27,23.65350638
2018-10-01,21.82334691
2018-10-05,21.33672301
2018-10-09,16.66631934
2018-10-13,13.28476496
2018-10-17,18.8500803
2018-10-21,12.46404029
2018-10-25,17.53993992
2018-10-29,19.6041759
2018-11-02,18.32471846
2018-11-06,19.18392815
2018-11-10,16.64920253
2018-11-14,25.82337117
2018-11-18,18.03746701
2018-11-22,39.13421764
2018-11-26,38.27901151
2018-11-30,40.77812171
2018-12-04,31.50009203
2018-12-08,19.7523634
2018-12-12,22.35779149
2018-12-16,14.84875261
2018-12-20,27.62806589
2018-12-24,23.01715097
2018-12-28,17.97068908
2019-01-01,11.22870449
2019-01-05,12.27107591
2019-01-09,24.16978699
2019-01-13,14.17709438
2019-01-17,23.48759589
2019-01-21,19.91907516
2019-01-25,24.82339222
2019-01-29,23.14980149
2019-02-02,18.92618462
2019-02-06,21.79051765
2019-02-10,13.62075475
2019-02-14,26.180398
2019-02-18,29.40410079
2019-02-22,39.01280561
2019-02-26,35.84517142
2019-03-02,25.32153705
2019-03-06,38.43684345
2019-03-10,19.08668276
2019-03-14,37.56437664
2019-03-18,22.37480548
2019-03-22,27.14701994
2019-03-26,36.41495629
2019-03-30,54.67372903
2019-04-03,142.10298824
2019-04-07,85.51644481
2019-04-11,115.28509796
2019-04-15,78.96972247
2019-04-19,78.43301725
2019-04-23,96.48121035
2019-04-27,54.42092725
2019-05-01,65.62521893
2019-05-05,62.87230397
2019-05-09,106.95654809
2019-05-13,112.20050336
2019-05-17,227.26659937
2019-05-21,202.4814146
2019-05-25,128.11880175
2019-05-29,187.08362645
2019-06-02,118.4455402
2019-06-06,122.18994068
2019-06-10,101.83001618
2019-06-14,117.94954717
2019-06-18,116.53825829
2019-06-22,122.47914731
2019-06-26,184.06503874
2019-06-30,104.91860437
2019-07-04,83.8420840199999
2019-07-08,67.46056127
2019-07-12,67.42668665
2019-07-16,62.69846283
2019-07-20,50.04991704
2019-07-24,49.90886061
2019-07-28,26.46571032
2019-08-01,46.73246753
2019-08-05,42.2581814
2019-08-09,65.33402972
2019-08-13,75.09047834
2019-08-17,35.38250195
2019-08-21,52.22587338
2019-08-25,21.57904241
2019-08-29,33.917443
2019-09-02,28.76124703
2019-09-06,37.39638382
2019-09-10,37.34868133
2019-09-14,21.0247188
2019-09-18,34.12588668
2019-09-22,20.52728871
2019-09-26,32.64172934
2019-09-30,41.0132903
2019-10-04,27.80367596
2019-10-08,27.65920023
2019-10-12,20.76242438
2019-10-16,29.13647841
2019-10-20,15.84344804
2019-10-24,28.9599249
2019-10-28,37.98415405
2019-11-01,40.18774408
2019-11-05,43.73232482
2019-11-09,29.44260954
2019-11-13,34.31516352
2019-11-17,21.08122965
2019-11-21,36.85944226
2019-11-25,32.18493307
2019-11-29,32.70649438
2019-12-03,25.47734062
2019-12-07,18.05659965
2019-12-11,24.60426083
2019-12-15,20.4478166
2019-12-19,28.71547007
2019-12-23,18.87107421
2019-12-27,17.11633792
2019-12-31,14.84211896
2020-01-04,12.31216518
2020-01-08,30.83081053
2020-01-12,14.53164303
2020-01-16,23.85247351
2020-01-20,17.74334005
2020-01-24,16.10082373
2020-01-28,22.98737848
2020-02-01,17.4815999
2020-02-05,25.44140813
2020-02-09,19.8217869
2020-02-13,35.47858608
2020-02-17,25.29770103
2020-02-21,23.54449483
2020-02-25,24.54482939
2020-02-29,18.50395585
2020-03-04,24.25737051
2020-03-08,16.14238732
2020-03-12,59.16829292
2020-03-16,61.56626918
2020-03-20,79.98994299
2020-03-24,44.74357832
2020-03-28,28.81999627
2020-04-01,26.74327122
2020-04-05,13.64940917
2020-04-09,23.29595386
2020-04-13,16.74379536
2020-04-17,25.54078133
2020-04-21,23.37622201
2020-04-25,27.81417372
2020-04-29,51.72660237
2020-05-03,57.28031251
2020-05-07,88.31823092
2020-05-11,88.60442418
2020-05-15,161.77900478
2020-05-19,182.34876244
2020-05-23,108.03281588
2020-05-27,77.89905605
2020-05-31,61.02644621
2020-06-04,62.37744471
2020-06-08,41.72247948
2020-06-12,29.91881048
2020-06-16,50.59742513
2020-06-20,30.01002493
2020-06-24,42.3573449
2020-06-28,19.69907106
2020-07-02,56.01403666
2020-07-06,36.90829526
2020-07-10,48.41811415
2020-07-14,62.95443097
2020-07-18,76.31263773
2020-07-22,143.27483781
2020-07-26,76.48811017
2020-07-30,179.95866069
2020-08-03,130.16320882
2020-08-07,137.20910291
2020-08-11,151.68404592
2020-08-15,67.51446166
2020-08-19,147.58221747
2020-08-23,59.10621225
2020-08-27,122.89984729000001
2020-08-31,91.53783350000002
2020-09-04,155.46345969000004
2020-09-08,84.06185256999996
2020-09-12,58.11575528999997
2020-09-16,77.67308339000006
2020-09-20,33.00982992
2020-09-24,82.50485829000002
2020-09-28,56.72923702999997
2020-10-02,122.51219145000005
2020-10-06,113.31139879999998
2020-10-10,75.84989664999998
2020-10-14,73.04920249999999
2020-10-18,36.45097174999999
2020-10-22,166.97812487000004
2020-10-26,111.29083665
2020-10-30,262.34694254
2020-11-03,289.3099895599999
2020-11-07,135.2343624300001
2020-11-11,107.57878081
2020-11-15,42.433354599999994
2020-11-19,94.51871958000002
2020-11-23,56.545846030000014
2020-11-27,84.21494944000001
2020-12-01,145.30838284999993
2020-12-05,69.64763484000004
2020-12-09,72.45729357
2020-12-13,39.24154715
2020-12-17,162.99271891000006
2020-12-21,138.56269221999995
2020-12-25,92.4849457699999
2020-12-29,105.85291042999998
2021-01-02,79.69906721999999
2021-01-06,128.51898515
2021-01-10,91.95258523
2021-01-14,141.41282765999998
2021-01-18,84.66625216
2021-01-22,116.02452285
2021-01-26,81.76242060999999
2021-01-30,138.4634188
2021-02-03,134.24070735
2021-02-07,84.69085027000003
2021-02-11,185.34915974999996
2021-02-15,121.55584341000002
2021-02-19,160.80575279999996
2021-02-23,183.30218416999998
2021-02-27,104.30956316000002
2021-03-03,132.69783596999994
2021-03-07,71.23039113000002
2021-03-11,111.07819319
2021-03-15,112.98540384
2021-03-19,116.33945050000007
2021-03-23,81.33063817999997
2021-03-27,66.63131525
2021-03-31,102.46134312999995
2021-04-04,67.19630150000003
2021-04-08,91.57954065000001
2021-04-12,91.77267732999996
2021-04-16,140.32071554000004
2021-04-20,301.8282274699999
2021-04-24,168.4008953499999
2021-04-28,135.93910763999997
2021-05-02,84.96037570000003
2021-05-06,109.52051483999999
2021-05-10,101.01711433999999
2021-05-14,73.24686827
2021-05-18,67.16487364999998
2021-05-22,102.38136843000001
2021-05-26,77.84665827
2021-05-30,36.61452541999999
2021-06-03,49.88061483999999
2021-06-07,34.55627144
2021-06-11,40.70747208999999
2021-06-15,38.74243654999998
2021-06-19,24.633397950000006
2021-06-23,56.04309666
2021-06-27,27.102806160000004
2021-07-01,72.52897938000002
2021-07-05,47.54560696000002
2021-07-09,26.87704906999999
2021-07-13,31.732052499999988
2021-07-17,12.611708939999998
2021-07-21,14.461766660000004
2021-07-25,9.733525729999995
2021-07-29,14.995055600000008
2021-08-02,13.481515990000002
2021-08-06,14.22965964
2021-08-10,13.957605080000002
2021-08-14,10.895738640000001
2021-08-18,15.411591230000003
2021-08-22,11.626182749999995
2021-08-26,11.575345220000004
2021-08-30,12.537301139999999
2021-09-03,18.433869729999994
2021-09-07,18.45604694
2021-09-11,10.836634559999998
2021-09-15,17.058681740000008
2021-09-19,8.247936459999996
2021-09-23,13.782920530000004
2021-09-27,12.663846300000005
2021-10-01,16.25074991
2021-10-05,15.293184800000008
2021-10-09,14.68665122
2021-10-13,16.82798138
2021-10-17,11.342677920000003
2021-10-21,20.276850739999993
2021-10-25,14.023436650000006
2021-10-29,15.656144510000003
2021-11-02,17.50019126999999
2021-11-06,10.765226660000003
2021-11-10,18.414890980000003
2021-11-14,8.671454749999999
2021-11-18,11.7643974
2021-11-22,12.30824165
2021-11-26,14.573473770000003
2021-11-30,12.639602539999998
2021-12-04,17.45400847999999
2021-12-08,10.347112210000002
2021-12-12,6.5401876499999965
2021-12-16,10.470706909999999
2021-12-20,10.997373189999998
2021-12-24,12.067905989999998
2021-12-28,17.86068218000001
2022-01-01,9.313250859999998
2022-01-05,15.839727270000004
2022-01-09,7.86552615
2022-01-13,10.43758314
2022-01-17,9.08946149
2022-01-21,12.146521389999995
2022-01-25,10.852287239999995
2022-01-29,12.331016270000005
2022-02-02,12.277100499999994
2022-02-06,10.267598419999999
2022-02-10,19.58059812
2022-02-14,11.161085030000006
2022-02-18,9.413693890000005
2022-02-22,9.152503500000002
2022-02-26,6.735534049999998
2022-03-02,29.265981479999997
2022-03-06,9.45711786
2022-03-10,11.649466789999998
2022-03-14,10.311670240000003
2022-03-18,10.594884019999995
2022-03-22,10.8074481
2022-03-26,8.185598199999998
2022-03-30,11.172714079999997
2022-04-03,10.435895970000002
2022-04-07,10.039681349999997
2022-04-11,10.507280689999998
2022-04-15,8.863154869999999
2022-04-19,9.369770330000001
2022-04-23,8.203158969999999
2022-04-27,11.164919310000005
2022-05-01,7.81516491
2022-05-05,22.340750540000002
2022-05-09,19.787603760000014
2022-05-13,31.539118490000007
2022-05-17,18.911246129999995
2022-05-21,12.030804259999996
2022-05-25,19.46775853999999
2022-05-29,9.962765560000001
2022-06-02,19.52585209
2022-06-06,12.70170594
2022-06-10,13.5712683
2022-06-14,26.092143590000006
2022-06-18,20.936404599999996
2022-06-22,16.955184179999996
2022-06-26,12.73963608
2022-06-30,16.563506569999994
2022-07-04,13.56007377999999
2022-07-08,22.855290490000005
2022-07-12,17.361912600000007
2022-07-16,18.277772789999993
2022-07-20,25.64368542000001
2022-07-24,10.677899700000001
2022-07-28,16.141326599999996
2022-08-01,14.450534099999997
2022-08-05,19.59420281
2022-08-09,22.94095828
2022-08-13,11.569899080000006
2022-08-17,15.181718970000006
2022-08-21,7.9226078700000055
2022-08-25,10.89698816
2022-08-29,11.008257659999996
2022-09-02,18.277006289999996
2022-09-06,15.29135514
2022-09-10,12.414737120000003
2022-09-14,17.119207890000002
2022-09-18,12.176171550000005
2022-09-22,12.921849560000002
2022-09-26,14.465445650000003
2022-09-30,16.583648199999992
2022-10-04,10.254465289999999
2022-10-08,6.680587199999998
2022-10-12,9.430387910000002
2022-10-16,8.21248342
2022-10-20,12.782906639999995
2022-10-24,11.951984580000001
2022-10-28,18.72427351
2022-11-01,14.951825980000002
2022-11-05,16.01921818999999
2022-11-09,24.963782759999997
2022-11-13,16.368784639999998
2022-11-17,34.54296318999999
2022-11-21,25.365681919999993
2022-11-25,27.05300031
2022-11-29,23.247694430000003
2022-12-03,23.08110451000001
2022-12-07,18.324438660000006
2022-12-11,8.19227598
2022-12-15,20.34853506
2022-12-19,18.069058319999993
2022-12-23,17.374282509999997
2022-12-27,23.851985059999993
2022-12-31,12.180264259999996
2023-01-04,14.774281600000002
2023-01-08,6.781967409999997
2023-01-12,16.51553844000001
2023-01-16,10.301662030000005
2023-01-20,19.557875499999998
2023-01-24,16.92996076
2023-01-28,11.61323579
2023-02-01,22.09847212999999
2023-02-05,13.976726330000005
2023-02-09,21.55106488000002
2023-02-13,24.259215849999997
2023-02-17,26.678259050000005
2023-02-21,17.32064879
2023-02-25,15.959074009999993
2023-03-01,25.83815714
2023-03-05,17.510876130000007
2023-03-09,44.796256809999996
2023-03-13,26.126984639999993
2023-03-17,42.51131127999999
2023-03-21,28.886597120000012
2023-03-25,30.59583649
2023-03-29,27.534690559999987
2023-04-02,24.467191630000006
2023-04-06,32.91813282999998
2023-04-10,21.77457393999999
2023-04-14,27.739714300000003
2023-04-18,20.363491979999996
2023-04-22,16.3903462
2023-04-26,33.09136423999998
2023-04-30,47.64650049999998
2023-05-04,113.47645017000005
2023-05-08,635.35380034
2023-05-12,173.44342629
2023-05-16,113.01084452000005
2023-05-20,85.19281153999995
2023-05-24,64.87007901999998
2023-05-28,62.56858108
2023-06-01,70.13588614000001
2023-06-05,58.00114518999999
2023-06-09,73.25776494999997
2023-06-13,37.246010070000004
2023-06-17,40.12883580000002
2023-06-21,43.88821895000004
2023-06-25,29.38484288000001
2023-06-29,37.058475680000015
2023-07-03,25.487702250000012
2023-07-07,19.24955069
2023-07-11,16.952263900000002
2023-07-15,16.740640720000005
2023-07-19,18.163703370000007
2023-07-23,25.54846983
2023-07-27,20.838440450000014
2023-07-31,16.65975421
2023-08-04,22.515295539999993
2023-08-08,29.11310746000001
2023-08-12,19.421388580000023
2023-08-16,18.03889855
2023-08-20,14.984985450000002
2023-08-24,17.458467169999995
2023-08-28,16.97295639999999
2023-09-01,26.151917779999994
2023-09-05,24.396894269999994
2023-09-09,32.53049267
2023-09-13,31.128702210000007
2023-09-17,28.30720798
2023-09-21,47.346400599999996
2023-09-25,33.365485490000005
2023-09-29,29.363154359999996
2023-10-03,29.087440100000013
2023-10-07,41.49443835000001
2023-10-11,21.60053422
2023-10-15,11.395811420000003
2023-10-19,18.648708779999993
2023-10-23,17.002779340000004
2023-10-27,25.551621680000004
2023-10-31,18.239112260000002
2023-11-04,79.51745750999999
2023-11-08,118.07035988000001
2023-11-12,115.77631581999998
2023-11-16,317.4560769399997
2023-11-20,177.71355411999994
2023-11-24,97.80573665000001
2023-11-28,78.80659978
2023-12-02,63.57856882
2023-12-06,293.6611414599999
2023-12-10,114.83473182
2023-12-14,334.12679746999993
2023-12-18,390.7370200099999
2023-12-22,324.4882387599998
2023-12-26,167.81165180000002
2023-12-30,264.2947451199999
2024-01-03,146.25275834000007
2024-01-07,76.29310876999995
2024-01-11,101.28308080000001
2024-01-15,117.39484570000003
2024-01-19,84.17113488000005
2024-01-23,88.51466299000006
2024-01-27,58.19419444000002
2024-01-31,49.84143557999997
2024-02-04,98.42988745000001
2024-02-08,52.9856866
2024-02-12,67.17328884000001
2024-02-16,32.81914217999999
2024-02-20,31.802945029999993
2024-02-24,25.96199853000001
2024-02-28,59.94820722000001
2024-03-03,46.136782050000015
2024-03-07,52.15660503999999
2024-03-11,41.035269150000005
2024-03-15,37.14060522999997
2024-03-19,46.05466678999999
2024-03-23,24.56584449
2024-03-27,30.34220638
2024-03-31,28.048975869999996
2024-04-04,23.051920150000004
2024-04-08,33.11963192
2024-04-12,157.2190875599999
2024-04-16,94.83667170999998
2024-04-20,1257.7154452499992
2024-04-24,258.70972687
2024-04-28,53.221399729999995
2024-05-02,35.37304202000001
2024-05-06,40.47732225000001
2024-05-10,31.21384524000001
2024-05-14,21.806342060000006
2024-05-18,17.823959919999993
2024-05-22,21.26717374
2024-05-26,19.491763499999998
2024-05-30,37.45567083999999
2024-06-03,43.74055069000002
2024-06-07,312.66024100000016
2024-06-11,44.32667776000001
2024-06-15,45.01788529
2024-06-19,32.436865899999994
2024-06-23,14.863135919999998
2024-06-27,18.10260407
2024-07-01,18.35492272000001
2024-07-05,14.72065925
2024-07-09,13.21596265
2024-07-13,19.427090370000002
2024-07-17,14.034124100000003
2024-07-21,9.865972680000002
2024-07-25,10.679698730000007
2024-07-29,10.867002189999997
2024-08-02,8.76757802
2024-08-06,8.20257927
2024-08-10,6.757603340000002
2024-08-14,7.970686080000001
2024-08-18,7.219758560000004
2024-08-22,100.26494952000006
2024-08-26,8.49892683
2024-08-30,8.013371420000004
2024-09-03,8.47166562
2024-09-07,6.552367879999996
2024-09-11,6.642300200000001
2024-09-15,6.327634969999999
2024-09-19,9.939919330000002
2024-09-23,7.737245180000002
2024-09-27,11.07140301
2024-10-01,7.906132000000004
2024-10-05,12.091758149999997
2024-10-09,15.227246359999995
2024-10-13,24.71939620000001
2024-10-17,61.40548312
2024-10-21,17.517528030000005
2024-10-25,36.680515899999996
2024-10-29,11.48340517000001
2024-11-02,7.11291527
2024-11-06,8.281041099999998
2024-11-10,10.833933739999997
2024-11-14,24.696528190000013
2024-11-18,17.5232424
2024-11-22,18.81865613
2024-11-26,17.208246409999997
2024-11-30,10.122530659999997
2024-12-04,11.847352130000008
2024-12-08,15.218431179999998
2024-12-12,19.688597289999993
2024-12-16,12.327577080000006
2024-12-20,15.185983740000003
2024-12-24,9.57170242
2024-12-28,5.660320319999999
2025-01-01,4.759661460000001
2025-01-05,5.909277129999999
2025-01-09,7.305172840000002
2025-01-13,7.777593819999997
2025-01-17,8.995918040000001
2025-01-21,10.22718074
2025-01-25,5.433938540000001
2025-01-29,4.824865440000004
2025-02-02,4.564019920000001
2025-02-06,5.3041850299999975
2025-02-10,4.58136983
2025-02-14,4.744212379999999
2025-02-18,4.703006010000002
2025-02-22,6.37196667
2025-02-26,10.904291969999996
2025-03-02,5.543123860000001
2025-03-06,5.1759084400000015
2025-03-10,5.31973344
2025-03-14,5.447541660000001
2025-03-18,4.506838129999999
2025-03-22,9.808855499999996
2025-03-26,9.679871510000002
2025-03-30,3.1484340199999994
2025-04-03,5.781421130000002
2025-04-07,6.592971899999998
2025-04-11,7.677592650000003
2025-04-15,5.681177280000002
2025-04-19,6.378627280000001
2025-04-23,11.29144978
2025-04-27,5.182267590000003
2025-05-01,5.512286359999998
2025-05-05,5.109248460000002
2025-05-09,6.867091060000005
2025-05-13,6.271764770000001
2025-05-17,7.1957170900000005
2025-05-21,7.899307769999999
2025-05-25,4.0790192
2025-05-29,5.27497498
2025-06-02,4.7752589300000015
2025-06-06,4.432632879999998
2025-06-10,5.347743160000001
2025-06-14,3.0589920699999995
2025-06-18,6.95175944
2025-06-22,2.7805980599999995
2025-06-26,7.57462956
2025-06-30,4.2289726100000005
2025-07-04,3.3710390200000013
2025-07-08,4.5461275400000005
2025-07-12,3.997999390000001
2025-07-16,4.539328199999996
2025-07-20,3.15968918
2025-07-24,9.8211687
2025-07-28,4.207920390000001
2025-08-01,5.450971709999999
2025-08-05,3.6740329099999998
2025-08-09,4.494624190000002
2025-08-13,4.397483219999999
2025-08-17,2.54035809
2025-08-21,3.0897044099999995
2025-08-25,2.8474278699999997
2025-08-29,3.4954331800000005
2025-09-02,4.966634959999998
2025-09-06,3.4592569699999975
2025-09-10,4.036303750000002
2025-09-14,3.1299257199999992
2025-09-18,3.687311720000001
2025-09-22,3.3842320399999988
2025-09-26,4.05417458
2025-09-30,3.1584596399999985
2025-10-04,3.968791010000001
2025-10-08,3.3791308699999987
2025-10-12,2.43852623
2025-10-16,3.168048689999999
2025-10-20,2.930852719999999
2025-10-24,2.9053725499999996
2025-10-28,2.9358787200000016
2025-11-01,2.469086779999999
2025-11-05,4.18353984
2025-11-09,2.2947250500000003
2025-11-16,2.6074946200000007
2025-11-20,3.1734651599999997
2025-11-24,2.583558169999999
2025-11-28,2.869712909999998
2025-12-02,3.900622880000001
2025-12-06,2.405767989999999
2025-12-10,2.6894036499999996
2025-12-14,1.9304611599999992
2025-12-18,2.7416777500000014
2025-12-22,2.550064770000001
2025-12-26,2.3658647199999994
2025-12-30,2.9727451299999994
2026-01-03,2.6202714900000004
2026-01-07,2.598904729999999
2026-01-11,1.9199271000000004
2026-01-15,3.252281839999999
2026-01-19,2.2826795899999985
2026-01-23,2.5137265200000005
2026-01-27,2.3041153399999996
2026-01-31,3.0406677999999996
2026-02-04,3.217600219999999
2026-02-08,2.2321171099999995
